timestamp,close
2019-07-01,1097.9500
2019-06-28,1080.9100
2019-06-27,1076.0100
2019-06-26,1079.8000
2019-06-25,1086.3500
2019-06-24,1115.5200
2019-06-21,1121.8800
2019-06-20,1111.4200
2019-06-19,1102.3300
2019-06-18,1103.6000
2019-06-17,1092.5000
2019-06-14,1085.3500
2019-06-13,1088.7700
2019-06-12,1077.0300
2019-06-11,1078.7200
2019-06-10,1080.3800
2019-06-07,1066.0400
2019-06-06,1044.3400
2019-06-05,1042.2200
2019-06-04,1053.0500
2019-06-03,1036.2300
2019-05-31,1103.6300
2019-05-30,1117.9500
2019-05-29,1116.4600
2019-05-28,1134.1500
2019-05-24,1133.4700
2019-05-23,1140.7700
2019-05-22,1151.4200
2019-05-21,1149.6300
2019-05-20,1138.8500
2019-05-17,1162.3000
2019-05-16,1178.9800
2019-05-15,1164.2100
2019-05-14,1120.4400
2019-05-13,1132.0300
2019-05-10,1164.2700
2019-05-09,1162.3800
2019-05-08,1166.2700
2019-05-07,1174.1000
2019-05-06,1189.3900
2019-05-03,1185.4000
2019-05-02,1162.6100
2019-05-01,1168.0800
2019-04-30,1188.4800
2019-04-29,1287.5800
2019-04-26,1272.1800
2019-04-25,1263.4500
2019-04-24,1256.0000
2019-04-23,1264.5500
2019-04-22,1248.8400
2019-04-18,1236.3700
2019-04-17,1236.3400
2019-04-16,1227.1300
2019-04-15,1221.1000
2019-04-12,1217.8700
2019-04-11,1204.6200
2019-04-10,1202.1600
2019-04-09,1197.2500
2019-04-08,1203.8400
2019-04-05,1207.1500
2019-04-04,1215.0000
2019-04-03,1205.9200
2019-04-02,1200.4900
2019-04-01,1194.4300
2019-03-29,1173.3100
2019-03-28,1168.4900
2019-03-27,1173.0200
2019-03-26,1184.6200
2019-03-25,1193.0000
2019-03-22,1205.5000
2019-03-21,1231.5400
2019-03-20,1223.9700
2019-03-19,1198.8500
2019-03-18,1184.2600
2019-03-15,1184.4600
2019-03-14,1185.5500
2019-03-13,1193.3200
2019-03-12,1193.2000
2019-03-11,1175.7600
2019-03-08,1142.3200
2019-03-07,1143.3000
2019-03-06,1157.8600
2019-03-05,1162.0300
2019-03-04,1147.8000
2019-03-01,1140.9900
2019-02-28,1119.9200
2019-02-27,1116.0500
2019-02-26,1115.1300
2019-02-25,1109.4000
2019-02-22,1110.3700
2019-02-21,1096.9700
2019-02-20,1113.8000
2019-02-19,1118.5600
2019-02-15,1113.6500
2019-02-14,1121.6700
2019-02-13,1120.1600
2019-02-12,1121.3700
2019-02-11,1095.0100
2019-02-08,1095.0600
2019-02-07,1098.7100
2019-02-06,1115.2300
2019-02-05,1145.9900
2019-02-04,1132.8000
2019-02-01,1110.7500
2019-01-31,1116.3700
2019-01-30,1089.0600
2019-01-29,1060.6200
2019-01-28,1070.0800
2019-01-25,1090.9900
2019-01-24,1073.9000
2019-01-23,1075.5700
2019-01-22,1070.5200
2019-01-18,1098.2600
2019-01-17,1089.9000
2019-01-16,1080.9700
2019-01-15,1077.1500
2019-01-14,1044.6900
2019-01-11,1057.1900
2019-01-10,1070.3300
2019-01-09,1074.6600
2019-01-08,1076.2800
2019-01-07,1068.3900
2019-01-04,1070.7100
2019-01-03,1016.0600
2019-01-02,1045.8500
2018-12-31,1035.6100
2018-12-28,1037.0800
2018-12-27,1043.8800
2018-12-26,1039.4600
2018-12-24,976.2200
2018-12-21,979.5400
2018-12-20,1009.4100
2018-12-19,1023.0100
2018-12-18,1028.7100
2018-12-17,1016.5300
2018-12-14,1042.1000
2018-12-13,1061.9000
2018-12-12,1063.6800
2018-12-11,1051.7500
2018-12-10,1039.5500
2018-12-07,1036.5800
2018-12-06,1068.7300
2018-12-04,1050.8200
2018-12-03,1106.4300
2018-11-30,1094.4300
2018-11-29,1088.3000
2018-11-28,1086.2300
2018-11-27,1044.4100
2018-11-26,1048.6200
2018-11-23,1023.8800
2018-11-21,1037.6100
2018-11-20,1025.7600
2018-11-19,1020.0000
2018-11-16,1061.4900
2018-11-15,1064.7100
2018-11-14,1043.6600
2018-11-13,1036.0500
2018-11-12,1038.6300
2018-11-09,1066.1500
2018-11-08,1082.4000
2018-11-07,1093.3900
2018-11-06,1055.8100
2018-11-05,1040.0900
2018-11-02,1057.7900
2018-11-01,1070.0000
2018-10-31,1076.7700
2018-10-30,1036.2100
2018-10-29,1020.0800
2018-10-26,1071.4700
2018-10-25,1095.5700
2018-10-24,1050.7100
2018-10-23,1103.6900
2018-10-22,1101.1600
2018-10-19,1096.4600
2018-10-18,1087.9700
2018-10-17,1115.6900
2018-10-16,1121.2800
2018-10-15,1092.2500
2018-10-12,1110.0800
2018-10-11,1079.3200
2018-10-10,1081.2200
2018-10-09,1138.8200
2018-10-08,1148.9700
2018-10-05,1157.3500
2018-10-04,1168.1900
2018-10-03,1202.9500
2018-10-02,1200.1100
2018-10-01,1195.3100
2018-09-28,1193.4700
2018-09-27,1194.6400
2018-09-26,1180.4900
2018-09-25,1184.6500
2018-09-24,1173.3700
2018-09-21,1166.0900
2018-09-20,1186.8700
2018-09-19,1171.0900
2018-09-18,1161.2200
2018-09-17,1156.0500
2018-09-14,1172.5300
2018-09-13,1175.3300
2018-09-12,1162.8200
2018-09-11,1177.3600
2018-09-10,1164.6400
2018-09-07,1164.8300
2018-09-06,1171.4400
2018-09-05,1186.4800
2018-09-04,1197.0000
2018-08-31,1218.1900
2018-08-30,1239.1200
2018-08-29,1249.3000
2018-08-28,1231.1500
2018-08-27,1241.8200
2018-08-24,1220.6500
2018-08-23,1205.3800
2018-08-22,1207.3300
2018-08-21,1201.6200
2018-08-20,1207.7700
2018-08-17,1200.9600
2018-08-16,1206.4900
2018-08-15,1214.3800
2018-08-14,1242.1000
2018-08-13,1235.0100
2018-08-10,1237.6100
2018-08-09,1249.1000
2018-08-08,1245.6100
2018-08-07,1242.2200
2018-08-06,1224.7700
2018-08-03,1223.7100
2018-08-02,1226.1500
2018-08-01,1220.0100
2018-07-31,1217.2600
2018-07-30,1219.7400
2018-07-27,1238.5000
2018-07-26,1268.3300
2018-07-25,1263.7000
2018-07-24,1248.0800
2018-07-23,1205.5000
2018-07-20,1184.9100
2018-07-19,1186.9600
2018-07-18,1195.8800
2018-07-17,1198.8000
2018-07-16,1183.8600
2018-07-13,1188.8200
2018-07-12,1183.4800
2018-07-11,1153.9000
2018-07-10,1152.8400
2018-07-09,1154.0500
2018-07-06,1140.1700
2018-07-05,1124.2700
2018-07-03,1102.8900
2018-07-02,1127.4600
2018-06-29,1115.6500
2018-06-28,1114.2200
2018-06-27,1103.9800
2018-06-26,1118.4600
2018-06-25,1124.8100
2018-06-22,1155.4800
2018-06-21,1157.6600
2018-06-20,1169.8400
2018-06-19,1168.0600
2018-06-18,1173.4600
2018-06-15,1152.2600
2018-06-14,1152.1200
2018-06-13,1134.7900
2018-06-12,1139.3200
2018-06-11,1129.9900
2018-06-08,1120.8700
2018-06-07,1123.8600
2018-06-06,1136.8800
2018-06-05,1139.6600
2018-06-04,1139.2900
2018-06-01,1119.5000
2018-05-31,1084.9900
2018-05-30,1067.8000
2018-05-29,1060.3200
2018-05-25,1075.6600
2018-05-24,1079.2400
2018-05-23,1079.6900
2018-05-22,1069.7300
2018-05-21,1079.5800
2018-05-18,1066.3600
2018-05-17,1078.5900
2018-05-16,1081.7700
2018-05-15,1079.2300
2018-05-14,1100.2000
2018-05-11,1098.2600
2018-05-10,1097.5700
2018-05-09,1082.7600
2018-05-08,1053.9100
2018-05-07,1054.7900
2018-05-04,1048.2100
2018-05-03,1023.7200
2018-05-02,1024.3800
2018-05-01,1037.3100
2018-04-30,1017.3300
2018-04-27,1030.0500
2018-04-26,1040.0400
2018-04-25,1021.1800
2018-04-24,1019.9800
2018-04-23,1067.4500
2018-04-20,1072.9600
2018-04-19,1087.7000
2018-04-18,1072.0800
2018-04-17,1074.1600
2018-04-16,1037.9800
2018-04-13,1029.2700
2018-04-12,1032.5100
2018-04-11,1019.9700
2018-04-10,1031.6400
2018-04-09,1015.4500
2018-04-06,1007.0400
2018-04-05,1027.8100
2018-04-04,1025.1400
2018-04-03,1013.4100
2018-04-02,1006.4700
2018-03-29,1031.7900
2018-03-28,1004.5600
2018-03-27,1005.1000
2018-03-26,1053.2100
2018-03-23,1021.5700
2018-03-22,1049.0800
2018-03-21,1090.8800
2018-03-20,1097.7100
2018-03-19,1099.8200
2018-03-16,1135.7300
2018-03-15,1149.5800
2018-03-14,1149.4900
2018-03-13,1138.1700
2018-03-12,1164.5000
2018-03-09,1160.0400
2018-03-08,1126.0000
2018-03-07,1109.6400
2018-03-06,1095.0600
2018-03-05,1090.9300
2018-03-02,1078.9200
2018-03-01,1069.5200
2018-02-28,1104.7300
2018-02-27,1118.2900
2018-02-26,1143.7500
2018-02-23,1126.7900
2018-02-22,1106.6300
2018-02-21,1111.3400
2018-02-20,1102.4600
2018-02-16,1094.8000
2018-02-15,1089.5200
2018-02-14,1069.7000
2018-02-13,1052.1000
2018-02-12,1051.9400
2018-02-09,1037.7800
2018-02-08,1001.5200
2018-02-07,1048.5800
2018-02-06,1080.6000
2018-02-05,1055.8000
2018-02-02,1111.9000
2018-02-01,1167.7000
2018-01-31,1169.9400
2018-01-30,1163.6900
2018-01-29,1175.5800
2018-01-26,1175.8400
2018-01-25,1170.3700
2018-01-24,1164.2400
2018-01-23,1169.9700
2018-01-22,1155.8100
2018-01-19,1137.5100
2018-01-18,1129.7900
2018-01-17,1131.9800
2018-01-16,1121.7600
2018-01-12,1122.2600
2018-01-11,1105.5200
2018-01-10,1102.6100
2018-01-09,1106.2600
2018-01-08,1106.9400
2018-01-05,1102.2300
2018-01-04,1086.4000
2018-01-03,1082.4800
2018-01-02,1065.0000
2017-12-29,1046.4000
2017-12-28,1048.1400
2017-12-27,1049.3700
2017-12-26,1056.7400
2017-12-22,1060.1200
2017-12-21,1063.6300
2017-12-20,1064.9500
2017-12-19,1070.6800
2017-12-18,1077.1400
2017-12-15,1064.1900
2017-12-14,1049.1500
2017-12-13,1040.6100
2017-12-12,1040.4800
2017-12-11,1041.1000
2017-12-08,1037.0500
2017-12-07,1030.9300
2017-12-06,1018.3800
2017-12-05,1005.1500
2017-12-04,998.6800
2017-12-01,1010.1700
2017-11-30,1021.4100
2017-11-29,1021.6600
2017-11-28,1047.4100
2017-11-27,1054.2100
2017-11-24,1040.6100
2017-11-22,1035.9600
2017-11-21,1034.4900
2017-11-20,1018.3800
2017-11-17,1019.0900
2017-11-16,1032.5000
2017-11-15,1020.9100
2017-11-14,1026.0000
2017-11-13,1025.7500
2017-11-10,1028.0700
2017-11-09,1031.2600
2017-11-08,1039.8500
2017-11-07,1033.3300
2017-11-06,1025.9000
2017-11-03,1032.4800
2017-11-02,1025.5800
2017-11-01,1025.5000
2017-10-31,1016.6400
2017-10-30,1017.1100
2017-10-27,1019.2700
2017-10-26,972.5600
2017-10-25,973.3300
2017-10-24,970.5400
2017-10-23,968.4500
2017-10-20,988.2000
2017-10-19,984.4500
2017-10-18,992.8100
2017-10-17,992.1800
2017-10-16,992.0000
2017-10-13,989.6800
2017-10-12,987.8300
2017-10-11,989.2500
2017-10-10,972.6000
2017-10-09,977.0000
2017-10-06,978.8900
2017-10-05,969.9600
2017-10-04,951.6800
2017-10-03,957.7900
2017-10-02,953.2700
2017-09-29,959.1100
2017-09-28,949.5000
2017-09-27,944.4900
2017-09-26,924.8600
2017-09-25,920.9700
2017-09-22,928.5300
2017-09-21,932.4500
2017-09-20,931.5800
2017-09-19,921.8100
2017-09-18,915.0000
2017-09-15,920.2900
2017-09-14,925.1100
2017-09-13,935.0900
2017-09-12,932.0700
2017-09-11,929.0800
2017-09-08,926.5000
2017-09-07,935.9500
2017-09-06,927.8100
2017-09-05,928.4500
2017-09-01,937.3400
2017-08-31,939.3300
2017-08-30,929.5700
2017-08-29,921.2900
2017-08-28,913.8100
2017-08-25,915.8900
2017-08-24,921.2800
2017-08-23,927.0000
2017-08-22,924.6900
2017-08-21,906.6600
2017-08-18,910.6700
2017-08-17,910.9800
2017-08-16,926.9600
2017-08-15,922.2200
2017-08-14,922.6700
2017-08-11,914.3900
2017-08-10,907.2400
2017-08-09,922.9000
2017-08-08,926.7900
2017-08-07,929.3600
2017-08-04,927.9600
2017-08-03,923.6500
2017-08-02,930.3900
2017-08-01,930.8300
2017-07-31,930.5000
2017-07-28,941.5300
2017-07-27,934.0900
2017-07-26,947.8000
2017-07-25,950.7000
2017-07-24,980.3400
2017-07-21,972.9200
2017-07-20,968.1500
2017-07-19,970.8900
2017-07-18,965.4000
2017-07-17,953.4200
2017-07-14,955.9900
2017-07-13,947.1600
2017-07-12,943.8300
2017-07-11,930.0900
2017-07-10,928.8000
2017-07-07,918.5900
2017-07-06,906.6900
2017-07-05,911.7100
2017-07-03,898.7000
2017-06-30,908.7300
2017-06-29,917.7900
2017-06-28,940.4900
2017-06-27,927.3300
2017-06-26,952.2700
2017-06-23,965.5900
2017-06-22,957.0900
2017-06-21,959.4500
2017-06-20,950.6300
2017-06-19,957.3700
2017-06-16,939.7800
2017-06-15,942.3100
2017-06-14,950.7600
2017-06-13,953.4000
2017-06-12,942.9000
2017-06-09,949.8300
2017-06-08,983.4100
2017-06-07,980.9400
2017-06-06,976.5700
2017-06-05,983.6800
2017-06-02,975.6000
2017-06-01,966.9500
2017-05-31,964.8600
2017-05-30,975.8800
2017-05-26,971.4700
2017-05-25,969.5400
2017-05-24,954.9600
2017-05-23,948.8200
2017-05-22,941.8600
2017-05-19,934.0100
2017-05-18,930.2400
2017-05-17,919.6200
2017-05-16,943.0000
2017-05-15,937.0800
2017-05-12,932.2200
2017-05-11,930.6000
2017-05-10,928.7800
2017-05-09,932.1700
2017-05-08,934.3000
2017-05-05,927.1300
2017-05-04,931.6600
2017-05-03,927.0400
2017-05-02,916.4400
2017-05-01,912.5700
2017-04-28,905.9600
2017-04-27,874.2500
2017-04-26,871.7300
2017-04-25,872.3000
2017-04-24,862.7600
2017-04-21,843.1900
2017-04-20,841.6500
2017-04-19,838.2100
2017-04-18,836.8200
2017-04-17,837.1700
2017-04-13,823.5600
2017-04-12,824.3200
2017-04-11,823.3500
2017-04-10,824.7300
2017-04-07,824.6700
2017-04-06,827.8800
2017-04-05,831.4100
2017-04-04,834.5700
2017-04-03,838.5500
2017-03-31,829.5600
2017-03-30,831.5000
2017-03-29,831.4100
2017-03-28,820.9200
2017-03-27,819.5100
2017-03-24,814.4300
2017-03-23,817.5800
2017-03-22,829.5900
2017-03-21,830.4600
2017-03-20,848.4000
2017-03-17,852.1200
2017-03-16,848.7800
2017-03-15,847.2000
2017-03-14,845.6200
2017-03-13,845.5400
2017-03-10,843.2500
2017-03-09,838.6800
2017-03-08,835.3700
2017-03-07,831.9100
2017-03-06,827.7800
2017-03-03,829.0800
2017-03-02,830.6300
2017-03-01,835.2400
2017-02-28,823.2100
2017-02-27,829.2800
2017-02-24,828.6400
2017-02-23,831.3300
2017-02-22,830.7600
2017-02-21,831.6600
2017-02-17,828.0700
2017-02-16,824.1600
2017-02-15,818.9800
2017-02-14,820.4500
2017-02-13,819.2400
2017-02-10,813.6700
2017-02-09,809.5600
2017-02-08,808.3800
2017-02-07,806.9700
2017-02-06,801.3400
2017-02-03,801.4900
2017-02-02,798.5300
2017-02-01,795.6950
2017-01-31,796.7900
2017-01-30,802.3200
2017-01-27,823.3100
2017-01-26,832.1500
2017-01-25,835.6700
2017-01-24,823.8700
2017-01-23,819.3100
2017-01-20,805.0200
2017-01-19,802.1750
2017-01-18,806.0700
2017-01-17,804.6100
2017-01-13,807.8800
2017-01-12,806.3600
2017-01-11,807.9100
2017-01-10,804.7900
2017-01-09,806.6500
2017-01-06,806.1500
2017-01-05,794.0200
2017-01-04,786.9000
2017-01-03,786.1400
2016-12-30,771.8200
2016-12-29,782.7900
2016-12-28,785.0500
2016-12-27,791.5500
2016-12-23,789.9100
2016-12-22,791.2600
2016-12-21,794.5600
2016-12-20,796.4200
2016-12-19,794.2000
2016-12-16,790.8000
2016-12-15,797.8500
2016-12-14,797.0700
2016-12-13,796.1000
2016-12-12,789.2700
2016-12-09,789.2900
2016-12-08,776.4200
2016-12-07,771.1900
2016-12-06,759.1100
2016-12-05,762.5200
2016-12-02,750.5000
2016-12-01,747.9200
2016-11-30,758.0400
2016-11-29,770.8400
2016-11-28,768.2400
2016-11-25,761.6800
2016-11-23,760.9900
2016-11-22,768.2700
2016-11-21,769.2000
2016-11-18,760.5400
2016-11-17,771.2300
2016-11-16,764.4800
2016-11-15,758.4900
2016-11-14,736.0800
2016-11-11,754.0200
2016-11-10,762.5600
2016-11-09,785.3100
2016-11-08,790.5100
2016-11-07,782.5200
2016-11-04,762.0200
2016-11-03,762.1300
2016-11-02,768.7000
2016-11-01,783.6100
2016-10-31,784.5400
2016-10-28,795.3700
2016-10-27,795.3500
2016-10-26,799.0700
2016-10-25,807.6700
2016-10-24,813.1100
2016-10-21,799.3700
2016-10-20,796.9700
2016-10-19,801.5600
2016-10-18,795.2600
2016-10-17,779.9600
2016-10-14,778.5300
2016-10-13,778.1900
2016-10-12,786.1400
2016-10-11,783.0700
2016-10-10,785.9400
2016-10-07,775.0800
2016-10-06,776.8600
2016-10-05,776.4700
2016-10-04,776.4300
2016-10-03,772.5600
2016-09-30,777.2900
2016-09-29,775.0100
2016-09-28,781.5600
2016-09-27,783.0100
2016-09-26,774.2100
2016-09-23,786.9000
2016-09-22,787.2100
2016-09-21,776.2200
2016-09-20,771.4100
2016-09-19,765.7000
2016-09-16,768.8800
2016-09-15,771.7600
2016-09-14,762.4900
2016-09-13,759.6900
2016-09-12,769.0200
2016-09-09,759.6600
2016-09-08,775.3200
2016-09-07,780.3500
2016-09-06,780.0800
2016-09-02,771.4600
2016-09-01,768.7800
2016-08-31,767.0500
2016-08-30,769.0900
2016-08-29,772.1500
2016-08-26,769.5400
2016-08-25,769.4100
2016-08-24,769.6400
2016-08-23,772.0800
2016-08-22,772.1500
2016-08-19,775.4200
2016-08-18,777.5000
2016-08-17,779.9100
2016-08-16,777.1400
2016-08-15,782.4400
2016-08-12,783.2200
2016-08-11,784.8500
2016-08-10,784.6800
2016-08-09,784.2600
2016-08-08,781.7600
2016-08-05,782.2200
2016-08-04,771.6100
2016-08-03,773.1800
2016-08-02,771.0700
2016-08-01,772.8800
2016-07-29,768.7900
2016-07-28,745.9100
2016-07-27,741.7700
2016-07-26,738.4200
2016-07-25,739.7700
2016-07-22,742.7400
2016-07-21,738.6300
2016-07-20,741.1900
2016-07-19,736.9600
2016-07-18,733.7800
2016-07-15,719.8500
2016-07-14,720.9500
2016-07-13,716.9800
2016-07-12,720.6400
2016-07-11,715.0900
2016-07-08,705.6300
2016-07-07,695.3600
2016-07-06,697.7700
2016-07-05,694.4900
2016-07-01,699.2100
2016-06-30,692.1000
2016-06-29,684.1100
2016-06-28,680.0400
2016-06-27,668.2600
2016-06-24,675.2200
2016-06-23,701.8700
2016-06-22,697.4600
2016-06-21,695.9400
2016-06-20,693.7100
2016-06-17,691.7200
2016-06-16,710.3600
2016-06-15,718.9200
2016-06-14,718.2700
2016-06-13,718.3600
2016-06-10,719.4100
2016-06-09,728.5800
2016-06-08,728.2800
2016-06-07,716.6500
2016-06-06,716.5500
2016-06-03,722.3400
2016-06-02,730.4000
2016-06-01,734.1500
2016-05-31,735.7200
2016-05-27,732.6600
2016-05-26,724.1200
2016-05-25,725.2700
2016-05-24,720.0900
2016-05-23,704.2400
2016-05-20,709.7400
2016-05-19,700.3200
2016-05-18,706.6300
2016-05-17,706.2300
2016-05-16,716.4900
2016-05-13,710.8300
2016-05-12,713.3100
2016-05-11,715.2900
2016-05-10,723.1800
2016-05-09,712.9000
2016-05-06,711.1200
2016-05-05,701.4300
2016-05-04,695.7000
2016-05-03,692.3600
2016-05-02,698.2100
2016-04-29,693.0100
2016-04-28,691.0200
2016-04-27,705.8400
2016-04-26,708.1400
2016-04-25,723.1500
2016-04-22,718.7700
2016-04-21,759.1400
2016-04-20,752.6700
2016-04-19,753.9300
2016-04-18,766.6100
2016-04-15,759.0000
2016-04-14,753.2000
2016-04-13,751.7200
2016-04-12,743.0900
2016-04-11,736.1000
2016-04-08,739.1500
2016-04-07,740.2800
2016-04-06,745.6900
2016-04-05,737.8000
2016-04-04,745.2900
2016-04-01,749.9100
2016-03-31,744.9500
2016-03-30,750.5300
2016-03-29,744.7700
2016-03-28,733.5300
2016-03-24,735.3000
2016-03-23,738.0600
2016-03-22,740.7500
2016-03-21,742.0900
2016-03-18,737.6000
2016-03-17,737.7800
2016-03-16,736.0900
2016-03-15,728.3300
2016-03-14,730.4900
2016-03-11,726.8200
2016-03-10,712.8200
2016-03-09,705.2400
2016-03-08,693.9700
2016-03-07,695.1600
2016-03-04,710.8900
2016-03-03,712.4200
2016-03-02,718.8500
2016-03-01,718.8100
2016-02-29,697.7700
2016-02-26,705.0700
2016-02-25,705.7500
2016-02-24,699.5600
2016-02-23,695.8500
2016-02-22,706.4600
2016-02-19,700.9100
2016-02-18,697.3500
2016-02-17,708.4000
2016-02-16,691.0000
2016-02-12,682.4000
2016-02-11,683.1100
2016-02-10,684.1200
2016-02-09,678.1100
2016-02-08,682.7400
2016-02-05,683.5700
2016-02-04,708.0100
2016-02-03,726.9500
2016-02-02,764.6500
2016-02-01,752.0000
2016-01-29,742.9500
2016-01-28,730.9600
2016-01-27,699.9900
2016-01-26,713.0400
2016-01-25,711.6700
2016-01-22,725.2500
2016-01-21,706.5900
2016-01-20,698.4500
2016-01-19,701.7900
2016-01-15,694.4500
2016-01-14,714.7200
2016-01-13,700.5600
2016-01-12,726.0700
2016-01-11,716.0300
2016-01-08,714.4700
2016-01-07,726.3900
2016-01-06,743.6200
2016-01-05,742.5800
2016-01-04,741.8400
2015-12-31,758.8800
2015-12-30,771.0000
2015-12-29,776.6000
2015-12-28,762.5100
2015-12-24,748.4000
2015-12-23,750.3100
2015-12-22,750.0000
2015-12-21,747.7700
2015-12-18,739.3100
2015-12-17,749.4300
2015-12-16,758.0900
2015-12-15,743.4000
2015-12-14,747.7700
2015-12-11,738.8700
2015-12-10,749.4600
2015-12-09,751.6100
2015-12-08,762.3700
2015-12-07,763.2500
2015-12-04,766.8100
2015-12-03,752.5400
2015-12-02,762.3800
2015-12-01,767.0400
2015-11-30,742.6000
2015-11-27,750.2600
2015-11-25,748.1500
2015-11-24,748.2800
2015-11-23,755.9800
2015-11-20,756.6000
2015-11-19,738.4100
2015-11-18,740.0000
2015-11-17,725.3000
2015-11-16,728.9600
2015-11-13,717.0000
2015-11-12,731.2300
2015-11-11,735.4000
2015-11-10,728.3200
2015-11-09,724.8900
2015-11-06,733.7600
2015-11-05,731.2500
2015-11-04,728.1100
2015-11-03,722.1600
2015-11-02,721.1100
2015-10-30,710.8100
2015-10-29,716.9200
2015-10-28,712.9500
2015-10-27,708.4900
2015-10-26,712.7800
2015-10-23,702.0000
2015-10-22,651.7900
2015-10-21,642.6100
2015-10-20,650.2800
2015-10-19,666.1000
2015-10-16,662.2000
2015-10-15,661.7400
2015-10-14,651.1600
2015-10-13,652.3000
2015-10-12,646.6700
2015-10-09,643.6100
2015-10-08,639.1600
2015-10-07,642.3600
2015-10-06,645.4400
2015-10-05,641.4700
2015-10-02,626.9100
2015-10-01,611.2900
2015-09-30,608.4200
2015-09-29,594.9700
2015-09-28,594.8900
2015-09-25,611.9700
2015-09-24,625.8000
2015-09-23,622.3600
2015-09-22,622.6900
2015-09-21,635.4400
2015-09-18,629.2500
2015-09-17,642.9000
2015-09-16,635.9800
2015-09-15,635.1400
2015-09-14,623.2400
2015-09-11,625.7700
2015-09-10,621.3500
2015-09-09,612.7200
2015-09-08,614.6600
2015-09-04,600.7000
2015-09-03,606.2500
2015-09-02,614.3400
2015-09-01,597.7900
2015-08-31,618.2500
2015-08-28,630.3800
2015-08-27,637.6100
2015-08-26,628.6200
2015-08-25,582.0600
2015-08-24,589.6100
2015-08-21,612.4800
2015-08-20,646.8300
2015-08-19,660.9000
2015-08-18,656.1300
2015-08-17,660.8700
2015-08-14,657.1200
2015-08-13,656.4500
2015-08-12,659.5600
2015-08-11,660.7800
2015-08-10,633.7300
2015-08-07,635.3000
2015-08-06,642.6800
2015-08-05,643.7800
2015-08-04,629.2500
2015-08-03,631.2100
2015-07-31,625.6100
2015-07-30,632.5900
2015-07-29,631.9300
2015-07-28,628.0000
2015-07-27,627.2600
2015-07-24,623.5600
2015-07-23,644.2800
2015-07-22,662.1000
2015-07-21,662.3000
2015-07-20,663.0200
2015-07-17,672.9300
2015-07-16,579.8500
2015-07-15,560.2200
2015-07-14,561.1000
2015-07-13,546.5500
2015-07-10,530.1300
2015-07-09,520.6800
2015-07-08,516.8300
2015-07-07,525.0200
2015-07-06,522.8600
2015-07-02,523.4000
2015-07-01,521.8400
2015-06-30,520.5100
2015-06-29,521.5200
2015-06-26,531.6900
2015-06-25,535.2300
2015-06-24,537.8400
2015-06-23,540.4800
2015-06-22,538.1900
2015-06-19,536.6900
2015-06-18,536.7300
2015-06-17,529.2600
2015-06-16,528.1500
2015-06-15,527.2000
2015-06-12,532.3300
2015-06-11,534.6100
2015-06-10,536.6900
2015-06-09,526.6900
2015-06-08,526.8300
2015-06-05,533.3300
2015-06-04,536.7000
2015-06-03,540.3100
2015-06-02,539.1800
2015-06-01,533.9900
2015-05-29,532.1100
2015-05-28,539.7800
2015-05-27,539.7900
2015-05-26,532.3200
2015-05-22,540.1100
2015-05-21,542.5100
2015-05-20,539.2700
2015-05-19,537.3600
2015-05-18,532.3000
2015-05-15,533.8500
2015-05-14,538.4000
2015-05-13,529.6200
2015-05-12,529.0400
2015-05-11,535.7000
2015-05-08,538.2200
2015-05-07,530.7000
2015-05-06,524.2200
2015-05-05,530.8000
2015-05-04,540.7800
2015-05-01,537.9000
2015-04-30,537.3400
2015-04-29,549.0800
2015-04-28,553.6800
2015-04-27,555.3700
2015-04-24,565.0600
2015-04-23,547.0000
2015-04-22,539.3650
2015-04-21,533.9700
2015-04-20,535.3800
2015-04-17,524.0500
2015-04-16,533.8000
2015-04-15,532.5300
2015-04-14,530.3900
2015-04-13,539.1700
2015-04-10,540.0100
2015-04-09,540.7800
2015-04-08,541.6100
2015-04-07,537.0200
2015-04-06,536.7650
2015-04-02,535.5300
2015-04-01,542.5600
2015-03-31,548.0000
2015-03-30,552.0300
2015-03-27,548.3400
2015-03-26,555.1700
2015-03-25,558.7850
2015-03-24,570.1900
2015-03-23,558.8100
2015-03-20,560.3600
2015-03-19,557.9900
2015-03-18,559.5000
2015-03-17,550.8400
2015-03-16,554.5100
2015-03-13,547.3200
2015-03-12,555.5100
2015-03-11,551.1800
2015-03-10,555.0100
2015-03-09,568.8500
2015-03-06,567.6850
2015-03-05,575.3300
2015-03-04,573.3700
2015-03-03,573.6400
2015-03-02,571.3400
2015-02-27,558.4000
2015-02-26,555.4800
2015-02-25,543.8700
2015-02-24,536.0900
2015-02-23,531.9100
2015-02-20,538.9500
2015-02-19,542.8700
2015-02-18,539.7000
2015-02-17,542.8400
2015-02-13,549.0100
2015-02-12,542.9300
2015-02-11,535.9700
2015-02-10,536.9400
2015-02-09,527.8300
2015-02-06,531.0000
2015-02-05,527.5800
2015-02-04,522.7600
2015-02-03,529.2400
2015-02-02,528.4800
2015-01-30,534.5200
2015-01-29,510.6600
2015-01-28,510.0000
2015-01-27,518.6300
2015-01-26,535.2100
2015-01-23,539.9500
2015-01-22,534.3900
2015-01-21,518.0400
2015-01-20,506.9000
2015-01-16,508.0800
2015-01-15,501.7900
2015-01-14,500.8700
2015-01-13,496.1800
2015-01-12,492.5500
2015-01-09,496.1700
2015-01-08,502.6800
2015-01-07,501.1000
2015-01-06,501.9600
2015-01-05,513.8700
2015-01-02,524.8100
2014-12-31,526.4000
2014-12-30,530.4200
2014-12-29,530.3300
2014-12-26,534.0300
2014-12-24,528.7700
2014-12-23,530.5900
2014-12-22,524.8700
2014-12-19,516.3500
2014-12-18,511.1000
2014-12-17,504.8900
2014-12-16,495.3900
2014-12-15,513.8000
2014-12-12,518.6600
2014-12-11,528.3400
2014-12-10,526.0600
2014-12-09,533.3700
2014-12-08,526.9800
2014-12-05,525.2600
2014-12-04,537.3100
2014-12-03,531.3200
2014-12-02,533.7500
2014-12-01,533.8000
2014-11-28,541.8300
2014-11-26,540.3700
2014-11-25,541.0800
2014-11-24,539.2700
2014-11-21,537.5000
2014-11-20,534.8300
2014-11-19,536.9900
2014-11-18,535.0300
2014-11-17,536.5100
2014-11-14,544.4000
2014-11-13,545.3800
2014-11-12,547.3100
2014-11-11,550.2900
2014-11-10,547.4900
2014-11-07,541.0100
2014-11-06,542.0400
2014-11-05,545.9200
2014-11-04,554.1100
2014-11-03,555.2200
2014-10-31,559.0800
2014-10-30,550.3100
2014-10-29,549.3300
2014-10-28,548.9000
2014-10-27,540.7700
2014-10-24,539.7800
2014-10-23,543.9800
2014-10-22,532.7100
2014-10-21,526.5400
2014-10-20,520.8400
2014-10-17,511.1700
2014-10-16,524.5100
2014-10-15,530.0300
2014-10-14,537.9400
2014-10-13,533.2100
2014-10-10,544.4900
2014-10-09,560.8800
2014-10-08,572.5000
2014-10-07,563.7400
2014-10-06,577.3500
2014-10-03,575.2800
2014-10-02,570.0800
2014-10-01,568.2700
2014-09-30,577.3600
2014-09-29,576.3600
2014-09-26,577.1000
2014-09-25,575.0600
2014-09-24,587.9900
2014-09-23,581.1300
2014-09-22,587.3700
2014-09-19,596.0800
2014-09-18,589.2700
2014-09-17,584.7700
2014-09-16,579.9500
2014-09-15,573.1000
2014-09-12,575.6200
2014-09-11,581.3500
2014-09-10,583.1000
2014-09-09,581.0100
2014-09-08,589.7200
2014-09-05,586.0800
2014-09-04,581.9800
2014-09-03,577.9400
2014-09-02,577.3300
2014-08-29,571.6000
2014-08-28,569.2000
2014-08-27,571.0000
2014-08-26,577.8600
2014-08-25,580.2000
2014-08-22,582.5600
2014-08-21,583.3700
2014-08-20,584.4900
2014-08-19,586.8600
2014-08-18,582.1600
2014-08-15,573.4800
2014-08-14,574.6500
2014-08-13,574.7800
2014-08-12,562.7300
2014-08-11,567.8800
2014-08-08,568.7700
2014-08-07,563.3600
2014-08-06,566.3740
2014-08-05,565.0700
2014-08-04,573.1500
2014-08-01,566.0700
2014-07-31,571.6000
2014-07-30,587.4200
2014-07-29,585.6100
2014-07-28,590.6000
2014-07-25,589.0200
2014-07-24,593.3500
2014-07-23,595.9800
2014-07-22,594.7400
2014-07-21,589.4700
2014-07-18,595.0800
2014-07-17,573.7299
2014-07-16,582.6600
2014-07-15,584.7800
2014-07-14,584.8700
2014-07-11,579.1800
2014-07-10,571.1000
2014-07-09,576.0800
2014-07-08,571.0900
2014-07-07,582.2500
2014-07-03,584.7300
2014-07-02,582.3350
2014-07-01,582.6700
2014-06-30,575.2800
2014-06-27,577.2400
2014-06-26,576.0000
2014-06-25,578.6500
2014-06-24,564.6200
2014-06-23,564.9500
2014-06-20,556.3600
2014-06-19,554.9000
2014-06-18,553.3700
2014-06-17,543.0100
2014-06-16,544.2800
2014-06-13,551.7600
2014-06-12,551.3500
2014-06-11,558.8400
2014-06-10,560.5500
2014-06-09,562.1200
2014-06-06,556.3300
2014-06-05,553.9000
2014-06-04,544.6600
2014-06-03,544.9400
2014-06-02,553.9300
2014-05-30,559.8900
2014-05-29,560.0800
2014-05-28,561.6800
2014-05-27,565.9500
2014-05-23,552.7000
2014-05-22,545.0600
2014-05-21,538.9400
2014-05-20,529.7700
2014-05-19,528.8600
2014-05-16,520.6300
2014-05-15,519.9800
2014-05-14,526.6500
2014-05-13,533.0900
2014-05-12,529.9200
2014-05-09,518.7300
2014-05-08,511.0000
2014-05-07,509.9600
2014-05-06,515.1400
2014-05-05,527.8100
2014-05-02,527.9300
2014-05-01,531.3500
2014-04-30,526.6600
2014-04-29,527.7000
2014-04-28,517.1500
2014-04-25,516.1800
2014-04-24,525.1600
2014-04-23,526.9400
2014-04-22,534.8100
2014-04-21,528.6200
2014-04-17,536.1000
2014-04-16,556.5400
2014-04-15,536.4400
2014-04-14,532.5200
2014-04-11,530.6000
2014-04-10,540.9500
2014-04-09,564.1400
2014-04-08,554.9000
2014-04-07,538.1500
2014-04-04,543.1400
2014-04-03,569.7400
2014-04-02,567.0000
2014-04-01,567.1600
2014-03-31,556.9700
2014-03-28,559.9900
2014-03-27,558.4600
